year,primary_energy_consumption
1965,14439.7
1966,15247.364
1967,15778.539
1968,16719.387
1969,17583.424
1970,18205.84
1971,18589.01
1972,19514.082
1973,20339.795
1974,19842.607
1975,19319.48
1976,20376.508
1977,20895.646
1978,21359.291
1979,21584.4
1980,20751.957
1981,20138.094
1982,19318.141
1983,19250.531
1984,20235.689
1985,20184.246
1986,20371.607
1987,21055.266
1988,22014.584
1989,22546.824
1990,22609.195
1991,22579.719
1992,22913.111
1993,23396.387
1994,23824.131
1995,24343.418
1996,25165.373
1997,25354.096
1998,25513.363
1999,25965.076
2000,26546.236
2001,25918.357
2002,26297.27
2003,26383.084
2004,26899.117
2005,26912.564
2006,26699.963
2007,27066.711
2008,26407.25
2009,25110.527
2010,25953.547
2011,25729.088
2012,25047.367
2013,25728.629
2014,25995.914
2015,25747.426
2016,25727.051
2017,25822.156
2018,26768.988
2019,26578.494
2020,24630.395
2021,25956.828
2022,26512.51
2023,26216.545
2024,26528.611
