month,revenue
2008-01-01,38002.21
2008-02-01,38217.74
2008-03-01,38366.55
2008-04-01,38436.93
2008-05-01,40401.59
2008-06-01,38115.04
2008-07-01,39688.26
2008-08-01,43672.39
2008-09-01,42554.03
2008-10-01,46503.15
2008-11-01,50681.72
2008-12-01,45622.4
2009-01-01,
2009-02-01,
2009-03-01,40967.35
2009-04-01,43451.55
2009-05-01,40960.41
2009-06-01,41236.29
2009-07-01,38317.8
2009-08-01,41098.83
2009-09-01,42284.88
2009-10-01,49356.84
2009-11-01,49678.6
2009-12-01,47628.28
2010-01-01,42602.15
2010-02-01,41663.52
2010-03-01,38649.83
2010-04-01,43390.35
2010-05-01,45452.7
2010-06-01,44423.96
2010-07-01,41145.76
2010-08-01,44720.04
2010-09-01,45998.67
2010-10-01,50484.09
2010-11-01,56029.62
2010-12-01,47846.44
2011-01-01,44421.46
2011-02-01,45751.9
2011-03-01,44289.52
2011-04-01,46318.94
2011-05-01,47898.84
2011-06-01,46494.81
2011-07-01,43854.9
2011-08-01,47877.05
2011-09-01,52365.88
2011-10-01,51315.14
2011-11-01,57826.89
2011-12-01,51674.84
2012-01-01,45485.35
2012-02-01,49920.75
2012-03-01,48872.07
2012-04-01,46521.28
2012-05-01,49994.13
2012-06-01,49578.04
2012-07-01,124488.5
2012-08-01,51129.24
2012-09-01,51960.27
2012-10-01,57461.05
2012-11-01,61029.34
2012-12-01,52403.81
2013-01-01,49165.65
2013-02-01,47646.05
2013-03-01,49889.08
2013-04-01,48703.05
2013-05-01,50977.26
2013-06-01,50346.85
2013-07-01,51997.77
2013-08-01,54121.4
2013-09-01,51857.65
2013-10-01,56989.64
2013-11-01,61764.43
2013-12-01,52193.64
2014-01-01,50126.29
2014-02-01,50464.88
2014-03-01,54082.63
2014-04-01,54240.93
2014-05-01,53591.02
2014-06-01,52196.56
2014-07-01,52089.65
2014-08-01,56962.35
2014-09-01,
2014-10-01,60033.38
2014-11-01,63394.66
2014-12-01,57722.61
2015-01-01,52764.89
2015-02-01,50794.68
2015-03-01,53959.26
2015-04-01,54361.55
2015-05-01,58439.03
2015-06-01,56195.56
2015-07-01,54656.54
2015-08-01,57583.09
2015-09-01,57948.23
2015-10-01,64633.83
2015-11-01,64910.28
2015-12-01,61150.09
2016-01-01,52956.39
2016-02-01,55584.02
2016-03-01,53101.23
2016-04-01,53656.41
2016-05-01,57951.94
2016-06-01,55560.13
2016-07-01,57155.3
2016-08-01,62580.56
2016-09-01,59222.9
2016-10-01,63776.9
2016-11-01,67449.73
2016-12-01,63147.42
2017-01-01,57122.47
2017-02-01,56749.33
2017-03-01,59564.43
2017-04-01,60415.83
2017-05-01,58799.38
2017-06-01,59197.47
2017-07-01,59083.52
2017-08-01,58801.93
2017-09-01,63347.71
2017-10-01,65515.68
2017-11-01,70989.72
2017-12-01,64766.94
2018-01-01,59760.75
2018-02-01,58216.15
2018-03-01,60246.5
2018-04-01,58044.06
2018-05-01,60783.47
2018-06-01,62153.11
2018-07-01,57348.58
2018-08-01,64383.9
2018-09-01,61897.03
2018-10-01,70582.13
2018-11-01,69878.11
2018-12-01,67982.18
2019-01-01,61995.71
2019-02-01,20535.79
2019-03-01,64868.47
2019-04-01,66395.07
2019-05-01,64861.55
2019-06-01,63166.95
2019-07-01,63052.24
2019-08-01,63264.73
2019-09-01,69177.46
2019-10-01,70402.79
2019-11-01,73467.86
2019-12-01,67312.07
2020-01-01,62793.07
2020-02-01,61300.09
2020-03-01,67042.72
2020-04-01,65682.64
2020-05-01,68878.66
2020-06-01,65843.98
2020-07-01,
2020-08-01,66591.97
2020-09-01,68351.58
2020-10-01,73554.33
2020-11-01,75044.52
2020-12-01,70360.14
2021-01-01,63598.57
2021-02-01,64307.68
2021-03-01,69917.3
2021-04-01,66911.78
2021-05-01,67402.63
2021-06-01,68587.19
2021-07-01,70193.09
2021-08-01,66722.76
2021-09-01,71144.66
2021-10-01,74562.31
2021-11-01,74710.16
2021-12-01,74382.87
2022-01-01,68197.8
2022-02-01,68048.6
2022-03-01,67745.84
2022-04-01,71098.61
2022-05-01,70489.26
2022-06-01,69882.77
2022-07-01,67825.13
2022-08-01,69311.02
2022-09-01,76083.96
2022-10-01,76947.21
2022-11-01,80565.02
2022-12-01,75159.18
2023-01-01,69605.94
2023-02-01,69165.67
2023-03-01,72394.15
2023-04-01,71896.64
2023-05-01,73347.4
2023-06-01,72340.0
2023-07-01,74097.71
2023-08-01,74884.92
2023-09-01,76528.68
2023-10-01,79005.57
2023-11-01,79712.46
2023-12-01,79089.15
